{"cameraMode":{"drawMode":0,"name":"Shaded","section":"Shading Mode"},"sceneLighting":true,"audioPlay":false,"sceneViewState":{"m_AlwaysRefresh":false,"showFog":true,"showSkybox":true,"showFlares":true,"showImageEffects":true,"showParticleSystems":true,"showVisualEffectGraphs":true,"m_FxEnabled":true},"in2DMode":false,"pivot":{"x":-0.781501054763794,"y":-3.9099903106689455,"z":7.402189254760742},"rotation":{"x":0.30781498551368716,"y":0.004282022826373577,"z":-0.0013844663044437767,"w":0.95143723487854},"size":10.365612983703614,"orthographic":false}