{"cameraMode":{"drawMode":0,"name":"Shaded","section":"Shading Mode"},"sceneLighting":true,"audioPlay":false,"sceneViewState":{"m_AlwaysRefresh":false,"showFog":true,"showSkybox":true,"showFlares":true,"showImageEffects":true,"showParticleSystems":true,"showVisualEffectGraphs":true,"m_FxEnabled":true},"in2DMode":false,"pivot":{"x":8.041321754455567,"y":0.7968437671661377,"z":-0.5763975381851196},"rotation":{"x":0.215225949883461,"y":0.0026469032745808365,"z":-0.00048553632223047316,"w":0.9766790866851807},"size":1.2619435787200928,"orthographic":false}