{"cameraMode":{"drawMode":0,"name":"Shaded","section":"Shading Mode"},"sceneLighting":true,"audioPlay":false,"sceneViewState":{"m_AlwaysRefresh":false,"showFog":true,"showSkybox":true,"showFlares":true,"showImageEffects":true,"showParticleSystems":true,"showVisualEffectGraphs":true,"m_FxEnabled":true},"in2DMode":false,"pivot":{"x":-0.9114862680435181,"y":5.662067413330078,"z":-5.032405376434326},"rotation":{"x":0.4277051091194153,"y":0.005155238788574934,"z":-0.0024017055984586479,"w":0.9040442705154419},"size":1.1130143404006959,"orthographic":false}