{"cameraMode":{"drawMode":0,"name":"Shaded","section":"Shading Mode"},"sceneLighting":true,"audioPlay":false,"sceneViewState":{"m_AlwaysRefresh":false,"showFog":true,"showSkybox":true,"showFlares":true,"showImageEffects":true,"showParticleSystems":true,"showVisualEffectGraphs":true,"m_FxEnabled":true},"in2DMode":false,"pivot":{"x":0.09615300595760346,"y":7.304849147796631,"z":-5.307913303375244},"rotation":{"x":0.4639672636985779,"y":-0.0015899527352303267,"z":0.0008732908172532916,"w":0.8860018849372864},"size":1.1130143404006959,"orthographic":false}