{"cameraMode":{"drawMode":0,"name":"Shaded","section":"Shading Mode"},"sceneLighting":true,"audioPlay":false,"sceneViewState":{"m_AlwaysRefresh":false,"showFog":true,"showSkybox":true,"showFlares":true,"showImageEffects":true,"showParticleSystems":true,"showVisualEffectGraphs":true,"m_FxEnabled":true},"in2DMode":false,"pivot":{"x":-0.09760253131389618,"y":-5.8541646003723148,"z":18.14264678955078},"rotation":{"x":0.24584683775901795,"y":0.007269042078405619,"z":-0.001844872022047639,"w":0.9692915081977844},"size":14.2210054397583,"orthographic":false}